,paperID,pos_score,sent_pos,text
287,pagesOfTextToDisplay,0.9181269407272339,287,"We interviewed industry researchers with academic training, who shared how they have used academic research to inform their work."
50,pagesOfTextToDisplay,0.8893097639083862,50,"In the second interview stage, we broadened recruiting criteria and interviewed 37 participants engaged in HCI-related research and practice fields."
52,pagesOfTextToDisplay,0.710110604763031,52,We also interviewed science communicators and communication managers.
60,pagesOfTextToDisplay,0.6941357851028442,60,We iterated on the model after each interview.
47,pagesOfTextToDisplay,0.6827952265739441,47,"Second, we interviewed academic researchers, design practitioners and students, entrepreneurs, and science communicators."
212,pagesOfTextToDisplay,0.6094831824302673,212,We met with him and he prototyped a version that we had in mind.
54,pagesOfTextToDisplay,0.47279655933380127,54,"See detailed participant information on Table 1, and in Supplementary materials."
37,pagesOfTextToDisplay,0.37527304887771606,37,"Second, at the bottom, we show participant experience in the HCI field."
296,pagesOfTextToDisplay,0.246180921792984,296,Formal and informal science communication.
48,pagesOfTextToDisplay,0.1813802272081375,48,Literature review findings were compared to participant perspectives.
19,pagesOfTextToDisplay,0.15760868787765503,19,https://doi.org/10.
254,pagesOfTextToDisplay,0.14862269163131714,254,Our participants who engaged in Bubble-up work described mostly researcher-led strategies to help practice knowledge to influence research.
183,pagesOfTextToDisplay,0.10947181284427643,183,We then asked participants what has worked in terms of translations from applied research to design practice.
188,pagesOfTextToDisplay,0.09605822712182999,188,"Papers... and academic research... are too hard for practitioners to get it."""
116,pagesOfTextToDisplay,0.086846724152565,116,'s work [32].
392,pagesOfTextToDisplay,0.08517853170633316,392,HCI must continue to engage with everyday successes and problems practitioners face in their work.
10,pagesOfTextToDisplay,0.06721291691064835,10,Request permissions from permissions@acm.org.
176,pagesOfTextToDisplay,0.06357867270708084,176,"During the year, everyone is locked up in their companies or universities and don't speak"" (P11, who runs a virtual reality gaming company)."
215,pagesOfTextToDisplay,0.05751701816916466,215,"In P27's case, the student soon graduated and left only the code."
227,pagesOfTextToDisplay,0.05328064784407616,227,So that's a translation.
190,pagesOfTextToDisplay,0.049793437123298645,190,"Connecting to practice was a study in itself, a long one"" (P19)."
229,pagesOfTextToDisplay,0.03644916042685509,229,Not the opposite.
16,pagesOfTextToDisplay,0.029646815732121468,16,A Translational Science Model for HCI.
53,pagesOfTextToDisplay,0.02850474789738655,53,"We had participants with many years of experience in HCI-related fields, as well as participants who are newer members of this community, and even some that at first did not consider themselves members (such as communication managers and some design practitioners)."
285,pagesOfTextToDisplay,0.019565965980291367,285,People carry knowledge and skills with them.
385,pagesOfTextToDisplay,0.017605291679501534,385,"P1, P7, P43)."
281,pagesOfTextToDisplay,0.015557670034468174,281,People transfer as knowledge transfer.
271,pagesOfTextToDisplay,0.015513533726334572,271,Synthesizing Information into contextualized products.
236,pagesOfTextToDisplay,0.014867765828967094,236,"We use the same keywords, publish in the same venues."
218,pagesOfTextToDisplay,0.011235823854804039,218,"P27 and P33, who are self-described basic researchers, even started learning design and engineering skills to do applied work on their own."
13,pagesOfTextToDisplay,0.010598444379866123,13,ACM ISBN 978-1-4503-5970-2/19/05. . .
382,pagesOfTextToDisplay,0.01014983095228672,382,Ladner points to working with end-users to tackle their problems through an open science approach as an alternative [41].
193,pagesOfTextToDisplay,0.008624425157904625,193,I have learned one lesson.
141,pagesOfTextToDisplay,0.00803390797227621,141,Applied Research Applied research provides complete answers to practical problems.
142,pagesOfTextToDisplay,0.00785127468407154,142,"In HCI, applied research results in practical, goal/solution-oriented research."
119,pagesOfTextToDisplay,0.007663847412914038,119,The dotted line represents the Bubble-up from practice to research.
18,pagesOfTextToDisplay,0.007632779888808727,18,"ACM, New York, NY, USA, 13 pages."
240,pagesOfTextToDisplay,0.007049344014376402,240,P2) The reasons given by participants for the citation failure were information overload and academic traditions.
391,pagesOfTextToDisplay,0.006655841134488583,391,Engaging — and studying engagement — with translators.
282,pagesOfTextToDisplay,0.006633573677390814,282,Chilana et al.
57,pagesOfTextToDisplay,0.006362737622112036,57,"The development of the model, the literature review, and interviews were interdependent."
405,pagesOfTextToDisplay,0.005845810752362013,405,We also identify multiple translators and the translational work they do.
138,pagesOfTextToDisplay,0.005467452108860016,138,"In HCI, basic research results in a foundational understanding of people, technology, and design."
297,pagesOfTextToDisplay,0.005127863958477974,297,"While papers are a primary communication artifact among researchers, time constraints hinder their use by industry researchers."
348,pagesOfTextToDisplay,0.004474058281630278,348,The scientific publication cycle helps bridge T BA .
217,pagesOfTextToDisplay,0.004242456518113613,217,P27 and his colleague spent a year with the project on a hold because of this issue.
6,pagesOfTextToDisplay,0.003950558137148619,6,"KEYWORDS Translational Science, Translational Research, Research-Practice Gap Permission to make digital or hard copies of all or part of this work for personal or classroom use is granted without fee provided that copies are not made or distributed for profit or commercial advantage and that copies bear this notice and the full citation on the first page."
56,pagesOfTextToDisplay,0.003832144197076559,56,"As in the first stage, participants commented on the current version of our model for TS in HCI."
205,pagesOfTextToDisplay,0.003568388056010008,205,This is a big problem.
301,pagesOfTextToDisplay,0.003419496351853013,301,"Participants valued Nielsen reports (P12, P20, P34) and meetings with scholars (P21, P40, P43) for helping them learn about the latest relevant readings in a particular area."
221,pagesOfTextToDisplay,0.0031073493883013725,221,"Understanding is not a barrier in T BA ; while it can be difficult to quickly grasp other research traditions, there is institutional support through citations and a common understanding of papers as an output to incentivize reading diverse work."
36,pagesOfTextToDisplay,0.0029301755130290985,36,"Consequently, experience in Basic research did not count towards Years of experience in HCI."
120,pagesOfTextToDisplay,0.002799395704641938,120,T AA suggests a gap within Applied research.
352,pagesOfTextToDisplay,0.0026174846570938826,352,T AA gap raises concerns about fragmentation within the HCI community.
31,pagesOfTextToDisplay,0.0023903700057417154,31,"However, the research-practice gap metaphor can oversimplify the translation work that HCI scholars and design practitioners do."
131,pagesOfTextToDisplay,0.00231437711045146,131,"As participants described their personal experiences related to translational science and ""the gap"", the roles of additional parties in the progression of HCI knowledge surfaced naturally, such as industry researchers and science communicators, as well as a nuanced and fluid variety of academic researchers (e.g., P7 had worked in industry, launched a startup in the past, and now focuses on design research and teaching at her academic department)."
12,pagesOfTextToDisplay,0.002295365557074547,12,Publication rights licensed to ACM.
90,pagesOfTextToDisplay,0.0020391694270074368,90,"Similarly, the gap metaphor is used to describe a disconnect between the research community and the practice community."
320,pagesOfTextToDisplay,0.0018611811101436615,320,"There is much more flexibility for research insights to directly influence design practice, without rigorous testing and evaluation."
64,pagesOfTextToDisplay,0.001857503317296505,64,The study of each step is called translational research [28].
34,pagesOfTextToDisplay,0.0018295175395905972,34,"First, selfreported percentage of participants with experience in different areas within HCI. *"
184,pagesOfTextToDisplay,0.0018231417052447796,184,"Researchers mentioned having success with a ""make it happen"" approach."
44,pagesOfTextToDisplay,0.00176243984606117,44,2 METHODS Following Zimmerman et al.
211,pagesOfTextToDisplay,0.0017384645761922002,211,We hired a computer science Ph.D. student who was a really good programmer.
33,pagesOfTextToDisplay,0.0017266696086153388,33,The research-practice gap narrative overlooks thisTable 1: Summary of participant information.
122,pagesOfTextToDisplay,0.0017234093975275755,122,4 MODEL OF TRANSLATIONAL SCIENCE IN HCI We propose a model for Translational Science in HCI (Figure 1).
194,pagesOfTextToDisplay,0.0017121830023825169,194,Managers and bosses need to want it.
275,pagesOfTextToDisplay,0.0016686596209183335,275,P24 mentioned that a foray into applied research required making many concessions and changing their initial ideas because of technical and design constraints.
24,pagesOfTextToDisplay,0.0016630521276965737,24,"However, HCI papers offer limited support for practice."
59,pagesOfTextToDisplay,0.001658535678870976,59,"At the same time, we did not limit our literature review to a predetermined set of keywords; some concepts only emerged from our readings and interviews."
61,pagesOfTextToDisplay,0.0016056697349995375,61,"After many months, a detailed model emerged from formal data analysis and in-depth critique sessions."
58,pagesOfTextToDisplay,0.0015132675180211663,58,The model provided keywords for literature searches and framing concepts for the creation of the interview protocol.
239,pagesOfTextToDisplay,0.0014780303463339806,239,"If you disagree with my approach or findings, cite it and explain why. ("
8,pagesOfTextToDisplay,0.0014644971815869212,8,Abstracting with credit is permitted.
399,pagesOfTextToDisplay,0.0014591488288715482,399,"We were impressed by the many original and creative translations that the HCI community, represented through our 43 participants and referenced authors, has found to bridge and study research and practice in HCI."
289,pagesOfTextToDisplay,0.001367555116303265,289,"Second, they use scientific findings to inform the creation of study protocols and initial product design directions."
11,pagesOfTextToDisplay,0.001301611540839076,11,"CHI 2019, May 4–9, 2019, Glasgow, Scotland UK © 2019 Copyright held by the owner/author(s)."
147,pagesOfTextToDisplay,0.0012854899978265166,147,Learning and iteration of theories through scientific research processes and communication.
226,pagesOfTextToDisplay,0.0012130213435739279,226,I draw on social psychology theories and behavior change and translate that into designs.
376,pagesOfTextToDisplay,0.0012119621969759464,376,Professional associations UXPA or IxDA for example are organizations that frequently set up local events for the HCI community.
145,pagesOfTextToDisplay,0.0011162280570715666,145,"Integration of art, science, and engineering to make aesthetically functional interfaces."
5,pagesOfTextToDisplay,0.0011146836914122105,5,"CCS CONCEPTS • Human-centered computing → HCI theory, concepts and models ."
195,pagesOfTextToDisplay,0.001097265281714499,195,They need to be convinced and make that a part of their process.
79,pagesOfTextToDisplay,0.00109290040563792,79,"Bubble-up describes the efforts of the HCI community to abstract situated knowledge and practice of methods, tools, or concepts into refined theory."
67,pagesOfTextToDisplay,0.0010495508322492242,67,"In the field of HCI, TS is about translating rich understandings of people and their interactions with technology with a goal of influencing the design of interactive systems."
55,pagesOfTextToDisplay,0.0010387912625446916,55,"We asked participants to define their perceptions of the gap between research and practice, where translational work takes place in HCI, and what they have done regarding translation."
154,pagesOfTextToDisplay,0.001032831845805049,154,HCI practitioners broadcasting learnings from their day-to-day problem-solving work on social media/publishing platforms.
378,pagesOfTextToDisplay,0.0009449247154407203,378,"Researchers have partnered with meetup groups and professional organizations to organize events combining academic and industry talks [19], but practitioners rarely meet with researchers at these events [50, 66] and it is unclear how effective they are at supporting adoption of HCI knowledge."
340,pagesOfTextToDisplay,0.0009315678616985679,340,"Foremost, investment in the translation of basic and applied research for use in design practice is vital for capitalizing on investments in producing new insights."
258,pagesOfTextToDisplay,0.0009183631045743823,258,"In our interviews, practitioners mentioned not engaging with bubble-up."
361,pagesOfTextToDisplay,0.0008950556511990726,361,We could potentially train many translators and must consider this diversity of skills and roles in training for TS.
143,pagesOfTextToDisplay,0.000881248211953789,143,"It is achieved by HCI researchers posing questions through the use of an embodiment of knowledge; study of interface efficacy and how people relate to it; observation of tensions between people and technologies, safety, and ethics in realistic scenarios."
343,pagesOfTextToDisplay,0.0008764493977651,343,Focusing HCI's attention on each gap will help increase both the impact of research and the pace of advancement in the field.
132,pagesOfTextToDisplay,0.0008723016362637281,132,"At the end of the interview, after reflecting on their own initial interpretations of a single research-practice gap, it became clear to participants that the gap metaphor is insufficient to describe how multiple parties conduct a series of translations."
233,pagesOfTextToDisplay,0.0008393105235882103,233,"T AA — Gap within Applied research Participants described another disconnect within HCI in academia, one specifically pertaining to how HCI research is disseminated and reused in the field."
130,pagesOfTextToDisplay,0.0008329105330631137,130,"Therefore, we set the end-goal of our proposed model as Design practice (Figure 1)."
169,pagesOfTextToDisplay,0.0008256841683760285,169,"A practitioner noted designers will not — and cannot — spend the time to read papers: ""I don't have four hours to read one paper, I just don't, I could get a lot done in those four hours."
144,pagesOfTextToDisplay,0.0007736327243037522,144,"Design Practice HCI practitioners using HCI and design knowledge to create something new in the â ̆ AIJmade world.â ̆ A ̇ I Involves the deep consideration of specific users, related stakeholders, technical and market requirements."
403,pagesOfTextToDisplay,0.0007525642868131399,403,"To design the model for Translational Science in HCI, we drew on past work and interview data with researchers, practitioners, and multiple parties who are engaged – or not — in translating HCI knowledge."
396,pagesOfTextToDisplay,0.0007458715117536485,396,Previous work provides guidance for the in-situ study of professional design practice [ 31 ] or using social media traces to learn about design practice in [39].
312,pagesOfTextToDisplay,0.0007444722577929497,312,"P1 has written blog posts and mentioned that it is hard to break away from the academic writing style: ""academics tend to be very fact-driven, and we have a certain style of writing, and we get this feedback - you have to be friendlier, you have to insert fun pieces, it's just a different style of writing to make it an engaging piece."
284,pagesOfTextToDisplay,0.0006890587974339724,284,"People move across gaps and steps, such as students or professors working in industry temporarily through sabbaticals, collaborative projects, or consulting, permanently after graduating or after a career change."
45,pagesOfTextToDisplay,0.000686896382831037,45,"'s process to create the model of interaction design research within HCI [ 75 ], we conducted a literature review, interviewed stakeholders in the HCI community, and constructed a model for Translational Science in HCI."
86,pagesOfTextToDisplay,0.0006822987925261259,86,"Countering the focus on barriers, Beck and Ekbia [ 7 ] encouraged the HCI community to focus on the connections and continuities between theory and practice in HCI."
49,pagesOfTextToDisplay,0.0006733330083079636,49,"For interviews, we first recruited six HCI scholars experienced in research, design, community and media outreach, entrepreneurship, teaching, and policymaking to obtain a panorama of translation in HCI and to iterate on our research protocol and preliminary model."
393,pagesOfTextToDisplay,0.0006722329999320209,393,An effective feedback loop in Translational Science helps keep applied fields grounded in and relevant for practice.
123,pagesOfTextToDisplay,0.0006670020520687103,123,We ground the decisions that led to the design of the proposed model in our interview findings.
121,pagesOfTextToDisplay,0.0006526626530103385,121,Steps and gaps are defined on Table 2 and detailed in the remainder of this paper.
216,pagesOfTextToDisplay,0.0006477333954535425,216,Changing and deploying the code required someone to have — or gain — familiarity with that particular technology stack.
291,pagesOfTextToDisplay,0.0006407644832506776,291,"Connected to the points above, most participants called out one particular form of people transfer — education — as perhaps the most common path for HCI to influence design practice."
294,pagesOfTextToDisplay,0.0006071237148717046,294,"How do we effectively train people to be sensitive and make them think about these questions [referring to information privacy and persuasive design] when they go into the workforce?"" ("
112,pagesOfTextToDisplay,0.0006066290661692619,112,"The health model is field-specific, such as in how it deals with institutional constraints."
104,pagesOfTextToDisplay,0.0006034928373992443,104,"T2 is known as the clinical trials step, where safety and efficacy research occur."
96,pagesOfTextToDisplay,0.0005980333080515265,96,"Also, the centrality of research producers in the model disregards the needs of practitioners and what they have to offer researchers [55]."
407,pagesOfTextToDisplay,0.0005973638035356998,407,It also acts as a foundation for future research on Translational Science in HCI.
39,pagesOfTextToDisplay,0.0005964675219729543,39,Focusing on a single set of barriers from one gap may limit how translational problems are approached [7].
98,pagesOfTextToDisplay,0.0005963594885542989,98,They have noted similar issues with using a single gap to describe the discontinuities between research and practice.
1,pagesOfTextToDisplay,0.0005894159548915923,1,"In this paper, we provide an overview of Translational Science in HCI by triangulating literature related to the research-practice gap with interview data from many parties engaged (or not) in translating HCI knowledge."
265,pagesOfTextToDisplay,0.0005871117464266717,265,"Most of the times we talk about new tools or books, design trends, but sometimes deeper issues and methods."
237,pagesOfTextToDisplay,0.0005866339197382331,237,"It becomes a personal grudge, which is a problem within HCI."
87,pagesOfTextToDisplay,0.0005772975855506957,87,"In this context, Beck and Ekbia suggest that a new metaphor — the continuum metaphor — which draws attention to the mutual agreement, harmony, synergy, and support between research and practice."
41,pagesOfTextToDisplay,0.0005667738732881844,41,"In this paper, we present a literature review and interview study of HCI community members representing various parties to the Translational Science process."
292,pagesOfTextToDisplay,0.0005646890494972467,292,"Academia usually contributes to society with research findings, but HCI researchers in academia also participate in the training of practitioners."
397,pagesOfTextToDisplay,0.0005608401843346655,397,"While the abovementioned examples focus on sharing knowledge with design practitioners, they are only one role in TS in HCI."
159,pagesOfTextToDisplay,0.0005541126010939479,159,"We also heard about how Bubble-up happens (supporting [ 32 ]), and finally, about gaps within applied research in HCI."
402,pagesOfTextToDisplay,0.0005503328866325319,402,"Therefore, it is necessary to understand how knowledge progresses, or fails to progress, from research to practice."
125,pagesOfTextToDisplay,0.000534334103576839,125,"Second, we describe how participants view and enact relationships that point to a progression of knowledge between research and practice."
370,pagesOfTextToDisplay,0.0005322215147316456,370,Designing evaluations of knowledge adoption could bring empirical value to the design field.
329,pagesOfTextToDisplay,0.0005276937154121697,329,"Previous work has generated a translational barriers taxonomy [ 36 ], resulting from discussions between HCI practitioners and researchers [ 11 ] that have been framed by a view of a single gap between research and practice."
270,pagesOfTextToDisplay,0.0005213907570578158,270,"Different Translators and Translational Work Through our interviews, we uncovered different types of translations that address TS barriers: the design of example products, people transfer, education, use of research knowledge in industry research, and science communication."
22,pagesOfTextToDisplay,0.000508322671521455,22,"In this paper, we work under the premise that there is a general goal in applied fields to translate scientific knowledge to inform the work of professionals."
341,pagesOfTextToDisplay,0.0004970702575519681,341,An excellent example is a specific project that emerged in the health domain context: a plan to reduce cancer mortality by 2025 consisting of concentrating translational research in a few centers that can vet and test scientific findings clusters with the most potential [16].
105,pagesOfTextToDisplay,0.0004929288988932967,105,"T3 requires implementing scientific knowledge: applying and evaluating interventions in real-world settings and of the disciplines that inform the design of those interventions, such as clinical epidemiology and evidence synthesis, but also communication theory, behavioral science, public policy, financing, organizational theory, design, informatics, and mixed methods research."
319,pagesOfTextToDisplay,0.0004714980022981763,319,This is likely because HCIproposed innovations typically do not face the regulatory constraints of medical research.
315,pagesOfTextToDisplay,0.0004632291675079614,315,P7 adds that she has hesitated to forego precision because study results are not entirely generalizable to all populations.
232,pagesOfTextToDisplay,0.0004526479751802981,232,"Participants did not mention efforts to facilitate engagement with other disciplines, or to promote more —and more relevant— citation exchanges."
199,pagesOfTextToDisplay,0.00045094272354617715,199,"First, translating basic knowledge into research products is a challenging process that happens through collaborations with parties who possess supportive skills."
283,pagesOfTextToDisplay,0.00044655214878730476,283,'s migration from academia to starting a venture [ 17 ] represents a second path that drives translations: the movement of people.
235,pagesOfTextToDisplay,0.0004459766496438533,235,"Within sub-communities, research papers are often not cited: I speak directly to those issues."
152,pagesOfTextToDisplay,0.0004441186902113259,152,Development of resources that can lead to new knowledge being adopted in Design practice.
17,pagesOfTextToDisplay,0.0004437814641278237,17,In Proceedings of CHI Conference on Human Factors in Computing Systems Proceedings (CHI 2019).
202,pagesOfTextToDisplay,0.00044014776358380914,202,"P24, a psychology professor, said ""my main goal is finding reproducible regular patterns in people's behavior that both have real-life potential applicability or consequences, and at the same time can be studied in a fairly controlled way."
401,pagesOfTextToDisplay,0.0004341773164924234,401,6 CONCLUSION The presence of barriers that hamper the progression of knowledge into design practice is a significant issue within HCI.
310,pagesOfTextToDisplay,0.0004308257484808564,310,"P25 said that academics dislike having their work translated ""because they want the original language in the final piece."""
126,pagesOfTextToDisplay,0.0004294577520340681,126,"While most participants first described a single gap in Translational Science, upon further reflection, many noted issues with the dichotomy."
368,pagesOfTextToDisplay,0.00042434633360244334,368,17 ] ask whether studying knowledge adoption is beyond the scope of HCI.
288,pagesOfTextToDisplay,0.0004106505075469613,288,"First, industry researchers said that, most commonly, their knowledge of research methods is employed on a day to day basis."
103,pagesOfTextToDisplay,0.00040601775981485844,103,"In contrast, ambulatory care settings are the ""laboratory"" for T2 research, where applied interventions further the understanding of T1 results by confronting them with broader populations."
0,pagesOfTextToDisplay,0.00039908807957544923,0,"A Translational Science Model for HCI Lucas Colusso colusso@uw.edu Human Centered Design and Engineering DUB Group, University of Washington Ridley Jones rajone@uw.edu Human Centered Design and Engineering DUB Group, University of Washington Sean A. Munson smunson@uw.edu Human Centered Design and Engineering DUB Group, University of Washington Gary Hsieh garyhs@uw.edu Human Centered Design and Engineering DUB Group, University of Washington ABSTRACT Using scientific discoveries to inform design practice is an important, but difficult, objective in HCI."
223,pagesOfTextToDisplay,0.00039866281440481544,223,"Scholars do not feel incentivized to participate in communities of interest that are peripheral to HCI; P28, P29, and P35 said this stifles research innovation."
165,pagesOfTextToDisplay,0.0003971023834310472,165,"Participants said that basic research findings rarely influence the work of design practitioners, which is one of the reasons why translating basic into applied research is important."
68,pagesOfTextToDisplay,0.00038707058411091566,68,On one side of the HCI work are theoretical findings.
404,pagesOfTextToDisplay,0.0003800269332714379,404,"In our continuum, we describe multiple steps and gaps between basic and applied research, and design practice."
151,pagesOfTextToDisplay,0.0003750761679839343,151,"TAD Applicability Translation and synthesis of knowledge into usable resources, considering specific application domains."
135,pagesOfTextToDisplay,0.00037336390232667327,135,"Of note, similar to their academic counterparts, industry researchers can engage in both Basic and Applied research."
331,pagesOfTextToDisplay,0.00036790347076021135,331,"For example, publishing academic papers to broadcast findings within the scientific community is still important; it is not, however — and should not be — a functional communication channel between research and practice [27]."
91,pagesOfTextToDisplay,0.0003650399448815733,91,"Common barriers include practitioners being unaware of the latest findings [ 61 ], thinking that research is not applicable to real-world problems [ 47 , 63 ] or, if applicable, too difficult to implement [ 10 ], and the insularity of academic work dissemination [15, 23]."
43,pagesOfTextToDisplay,0.00035886248224414885,43,"Our main contribution is a continuum model for Translational Science in HCI, providing a foundation for future work to discuss Translational Science in HCI."
384,pagesOfTextToDisplay,0.00035623228177428246,384,"This way, users would demand change from companies. ("
46,pagesOfTextToDisplay,0.00034942873753607273,46,"Our literature review consisted of publications on TS, translational research, and research-practice gaps in HCI and other applied fields, such as public health, management science, communication, and education."
178,pagesOfTextToDisplay,0.00034567320835776627,178,"P14, P30, and P32, all HCI professors, said that designers do not care about using theories or detailed terminology, only wanting to know what can be applied for their particular case."
156,pagesOfTextToDisplay,0.0003440541331656277,156,noticed that the single gap narrative does not distinguish Basic research.
387,pagesOfTextToDisplay,0.0003431755758356303,387,More work about — and with — decision-makers of funding agencies is necessary.
366,pagesOfTextToDisplay,0.00034068876993842423,366,Must we measure knowledge adoption?
134,pagesOfTextToDisplay,0.0003330559702590108,134,"Definitions drawn from our data, Schneiderman [64], and the NSF — National Science Foundation [1]."
244,pagesOfTextToDisplay,0.0003303049597889185,244,T BD — Basic Research to Design Practice Our participants initially marked T BD as the rarest translational path.
106,pagesOfTextToDisplay,0.00032821952481754124,106,"Finally, T3 is bridged when clinical practices and guidelines are implemented to produce concrete public health changes."
371,pagesOfTextToDisplay,0.0003278575895819813,371,Our findings support this approach by suggesting tackling the applicability barrier in T AD to facilitate the adoption and application of knowledge is necessary.
272,pagesOfTextToDisplay,0.0003166891692671925,272,"This type of translation, achieved through the collaborative work of basic researchers, applied researchers, and designers, can entail both translating basic knowledge into research concepts for testing and applied research into prototypes and guidelines that can facilitate adoption in design practice."
77,pagesOfTextToDisplay,0.00030841236002743244,77,"Building on the gap metaphor, Gray et al. ["
118,pagesOfTextToDisplay,0.000307360925944522,118,"T BA T BD Bubble-up T AD Applied Research Design Practice Basic Research T AA Figure 1: The HCI Translational Science Model consists of 3 main steps: Basic and Applied Research (described only as ""research"" in the gap metaphor) and Design Practice; and 3 main gaps: T BA , T AD , and T BD ."
267,pagesOfTextToDisplay,0.0003072576073464006,267,"ItâĂŹs almost like a crowdsourced design encyclopedia on current topics."" ("
146,pagesOfTextToDisplay,0.0003028850769624114,146,"Gaps Barriers Main translations TBA Information overload, skillset Translation of basic science to designs and,interactions through an exchange between Applied and Basic research."
317,pagesOfTextToDisplay,0.00029495288617908955,317,"While this model of multiple gaps has similarities to models developed in medicine, it also has attributes unique to HCI."
213,pagesOfTextToDisplay,0.00029486266430467367,213,"My colleague and I may say 'oh let's do this,' not because we know that we have to do it, but because we happened to think of it, but learning from the programmer that would be difficult to implement, we would think of something else. ("
180,pagesOfTextToDisplay,0.00028983663651160896,180,"An industry researcher, who worked in a translational medical science project after her doctorate, said that HCI ""does not have enough research study findings that have been shown to work in practice or practice-based research."
167,pagesOfTextToDisplay,0.0002874937781598419,167,"However, they highlighted that applicability might be the most significant barrier keeping applied research from influencing design practice."
73,pagesOfTextToDisplay,0.00028604871477000415,73,"Despite acknowledgments of the value of theoretical insights about people in design practice, studies have repeatedly shown that these insights are rarely adopted [ 11 , 19 , 54 ]."
358,pagesOfTextToDisplay,0.00028377564740367234,358,One other dissemination pathway is the education of students and researchers on the complexities of translating scientific findings.
4,pagesOfTextToDisplay,0.00027443503495305777,4,"Additionally, the model may facilitate a precise identification of translational barriers, which allows devising more effective strategies to increase the use of scientific findings in design practice."
81,pagesOfTextToDisplay,0.0002719138574320823,81,"However, despite the importance of acknowledging a gap between research and practice [ 50 ], a gap metaphor might be simplistic and might limit how we think about TS in HCI."
133,pagesOfTextToDisplay,0.00027001253329217434,133,"Most participants, especially HCI researchers, noted their work falls in the Applied research step; they alsoTable 2: Description of the steps and gaps of the HCI Translational Science model."
85,pagesOfTextToDisplay,0.00026947661535814404,85,"For example, recent work has described issues with the terminology and applicability of research papers, how practitioners may lack access to academic resources, the different cultures and skill sets of researchers and designers [19, 50, 53, 56] and many more [36]."
347,pagesOfTextToDisplay,0.00026944055571220815,347,"Below, we address efforts that, in addition to the findings that we presented, hold promise as effective channels to strengthen TS in HCI and should be developed or further studied."
330,pagesOfTextToDisplay,0.00026940260431729257,330,"In our model, we specify nuanced barriers and offer additional insights into how to address them."
306,pagesOfTextToDisplay,0.00026599402190186083,306,"There is also a more informal approach to science communication, where industry researchers use academic research opportunistically in discussions with their product teams, or when academic researchers engage in casual conversations with design practitioners about how academic research can inform product development."
28,pagesOfTextToDisplay,0.0002632628893479705,28,"Consequently, mapping the Translational Science process is necessary to understand how to increase the use of HCI discoveries in design practice."
208,pagesOfTextToDisplay,0.0002616835408844054,208,A few participants described how basic and applied research interact through joint projects.
214,pagesOfTextToDisplay,0.0002596121630631387,214,"P27)However, P27 and P33 emphasized that collaborations with students or designers are often temporary and expensive, and that longer-term partnerships would be better."
335,pagesOfTextToDisplay,0.0002593625686131418,335,"Second, our model can help understand areas where structural support is needed."
338,pagesOfTextToDisplay,0.0002582780725788325,338,"For example, with a more specific TS model, the health field devised initiatives such as dedicated budgets, research centers, scientific journals, and conferences for different T's [ 18 , 24 , 74 ]."
321,pagesOfTextToDisplay,0.000256055238423869,321,"Below, we discuss the implications of using our proposed model of TS in HCI."
362,pagesOfTextToDisplay,0.0002539741981308907,362,"In T AD specifically, HCI has the opportunity to translate research results into resources that practitioners can use."
273,pagesOfTextToDisplay,0.00024908484192565084,273,"In the interviews, we heard specific instances of translational work altering the original research insight to create a new product to address more contextualized problems."
372,pagesOfTextToDisplay,0.00024845756706781685,372,"Here, there are many obvious strands of work in the intersection of T AD with diffusion of innovation studies and knowledge adoption at individual and organizational levels [ 57 ], as well as many relatable user-centered methods toTable 3: Additional Translators that can facilitate Translational Science in HCI and should be further investigated."
225,pagesOfTextToDisplay,0.0002468306920491159,225,"HCI researchers also said their work rarely feeds back into the original bodies of theory from which they draw on. """
170,pagesOfTextToDisplay,0.00024008766922634095,170,"Frankly, I do have 10 minutes to skim through a Medium article."
166,pagesOfTextToDisplay,0.00023337443417403847,166,"Participants described known barriers to the use of research findings by practitioners, such as understanding issues due to the terminology in research contributions and difficulty in accessing them."
355,pagesOfTextToDisplay,0.00023263444018084556,355,HCI practitioners already use social media sites such as Reddit and Medium to publish and discuss prominent issues.
163,pagesOfTextToDisplay,0.00022767363407183439,163,"Additionally, Applied research can be tightly linked to basic research if conducted in an academic setting, but in the industry, it gravitates towards design practice."
323,pagesOfTextToDisplay,0.00021893737721256912,323,"The Value of a Translational Science Model for HCI The Translational Science process in HCI can be described as a ""continuum"" since various resources and actions are involved in a progression of knowledge, advancing discoveries towards design practice."
318,pagesOfTextToDisplay,0.0002159023133572191,318,"For example, the HCI model is not linear."
137,pagesOfTextToDisplay,0.0002127814805135131,137,"Steps Description Basic Research Basic research is performed without thought of practical ends, resulting in general knowledge to answer a large number of problems, though it may not give a complete specific answer to any one of them."
350,pagesOfTextToDisplay,0.0002107562031596899,350,"To accomplish this, existing infrastructure can be leveraged and expanded upon, such as crowdsourced sites to summarize published research [ 3 ], and perhaps new ways to aggregate and discover knowledge clusters on Google Scholar and other academic work search-engines [35]."
2,pagesOfTextToDisplay,0.0002061818668153137,2,We propose a model for Translational Science in HCI based on the concept of a continuum to describe how knowledge progresses (or stalls) through multiple steps and translations until it can influence design practice.
186,pagesOfTextToDisplay,0.00020300550386309624,186,"P8 used an open-source model: ""it was an open-source project, so they literally put the code up on the wall and like went through it and used that as the jumping off point to invent their startup"" and introduced the project to practitioners in a hackathon."
222,pagesOfTextToDisplay,0.00018934675608761609,222,"However, HCI scholars mentioned barriers to engaging with other scholarship."
111,pagesOfTextToDisplay,0.00018843483121600002,111,"There are drawbacks in using existing models to describe TS in HCI, although we can learn from them."
257,pagesOfTextToDisplay,0.00018749386072158813,257,"This is, or should be, the minimum requirement to contribute to design."""
35,pagesOfTextToDisplay,0.00018328503938391805,35,"Basic research experience contains research in Social Psychology, Philosophy, Chemistry."
360,pagesOfTextToDisplay,0.00018210663984064013,360,"While Norman proposed the training of translational developers [ 50 ], our model suggests that different skills and training may be needed to prepare people who will help bridge each distinct gap."
266,pagesOfTextToDisplay,0.00018199147598352283,266,It's very varied but focused on practice only.
349,pagesOfTextToDisplay,0.00017645109619479626,349,"While this gap suffers less with understanding barriers, major advances could be clustered and communicated to ensure that knowledge is progressing throughout the TS model."
247,pagesOfTextToDisplay,0.0001744984183460474,247,"However, although rare, participants acknowledged that basic research can influence HCI practice, and provided a few examples."
228,pagesOfTextToDisplay,0.00017305884102825075,228,"Usually, you're drawing on many different theories to help inform one coherent thing."
66,pagesOfTextToDisplay,0.00017292957636527717,66,We acknowledge that HCI is a broad discipline that encompasses many fields and that has evolved throughout the years [ 9 ].
150,pagesOfTextToDisplay,0.000166664132848382,150,"For example, pop psychology books, or events where researchers explain their findings to practitioners."
27,pagesOfTextToDisplay,0.00016051677812356502,27,"Practitioners, specifically, have voiced concerns with the applicability of HCI research findings [ 11 , 19 , 36 , 37 ]."
293,pagesOfTextToDisplay,0.00015982564946170896,293,"Multiple HCI professors mentioned that teaching HCI theory in classes is challenging and how to do so effectively is an open question. """
339,pagesOfTextToDisplay,0.000157876915181987,339,"While we do not argue that all of the initiatives listed above are necessary for more robust TS in HCI, they should at least be considered."
252,pagesOfTextToDisplay,0.00015752314357087016,252,"Third, participants agreed that training in basic research affords the abilities to partner with practitioners through research method skills and deep scientific understanding (P6, P17, P24, P28, P33, P40, P43)."
365,pagesOfTextToDisplay,0.00015620059275534004,365,"In HCI specifically, many vehicles for HCI knowledge have been proposed but should be more systematically evaluated [ 7 ], such as strong concepts [ 33 ], different instantiations of design patterns [ 5 ], scenarios [ 13 ], personas [ 20 ], conceptual models [ 49 ], design concepts [ 62 ], design heuristics [ 26 ], research objects [ 51 ], design fiction [ 73 ], tutorials [ 25 ], methods [ 32 ], and assets [ 19 ]."
23,pagesOfTextToDisplay,0.0001526954147266224,23,"In HCI's case, it means influencing design practice as an endpoint [31, 69]."
20,pagesOfTextToDisplay,0.0001500395155744627,20,1145/3290605.3300231 1 INTRODUCTION Translational Science (TS) is the study of scientific knowledge progression from academia to practice and back.
83,pagesOfTextToDisplay,0.00014926516450941563,83,"Frequently, HCI researchers attempt to bridge the gap by pushing HCI knowledge into practitioner use by presenting research papers in different formats [ 19 , 32 , 46 , 54 ], in an attempt to make the theoretical insights ""more pertinent and easier to use for developers"" [ 12 ]."
124,pagesOfTextToDisplay,0.000148577440995723,124,"First, we present how participants talked about the gap metaphor, translational science in the field, and the main actors in translational science."
299,pagesOfTextToDisplay,0.00014691895921714604,299,I have time to read the abstract basically.
264,pagesOfTextToDisplay,0.00014355486200656742,264,"HCI researchers interested in learning insights from practice put effort into a few strategies that they deem successful, such as organizing and attending practitioner-oriented conferences (P9, P13, P15, P24); keeping track of students who go on to leading industry positions (P13, P29, P31); and using online design groups: ""I'm part of Facebook and Slack groups to talk to practitioners."
200,pagesOfTextToDisplay,0.00014179341087583452,200,"Second, there seems to be a disconnect between HCI and other disciplines."
136,pagesOfTextToDisplay,0.00014100725820753723,136,The model does not designate where academic or industry researchers reside in the continuum.
197,pagesOfTextToDisplay,0.00014043928240425885,197,"One manager told me: 'I will fail if I don't use this method' and that's when I knew I had succeeded"" (P19)."
51,pagesOfTextToDisplay,0.00013702354044653475,51,"We highlight that our participants came from many different traditions such as computer science, design, industrial engineering, anthropology, English literature, social psychology, interaction, and user experience design, design education, user experience research, and product management; and worked in academia, industry, and government."
314,pagesOfTextToDisplay,0.00013561850937549025,314,"We are more precise and nuanced in the way we describe things."""
192,pagesOfTextToDisplay,0.00013382949691731483,192,"Scholars mentioned making assets compatible with current industry practices (P8, P19), and the need for these assets to prove their usefulness from the outset, such as by connecting with metrics that practitioners value. """
367,pagesOfTextToDisplay,0.00013261415006127208,367,"Describing the process of adopting and adapting HCI research to practice, Chilana et al. ["
113,pagesOfTextToDisplay,0.00013240089174360037,113,"The diffusion model focuses on disseminating information and does not address the importance of offering applicable resources to practitioners, or learning what is useful for them."
311,pagesOfTextToDisplay,0.00013236288214102387,311,HCI scholars acknowledged this barrier and mentioned a struggle in balancing simple communication and scientific precision.
369,pagesOfTextToDisplay,0.00013182936527300626,369,"We believe that there is a need to explore what it means for an HCI contribution to be adopted beyond prototypes [ 31 ], mining research insights, and translating them to how designers want to be supported, into practical, evidence-based resources [ 50 , 58 ]."
189,pagesOfTextToDisplay,0.00013047050742898136,189,"Her approach was to study how to transform empirical data from published studies into a design method. """
153,pagesOfTextToDisplay,0.00012833908840548247,153,"Bubble-up Personal interest, incentives Looking at practice to inform research; observation of designs and practice breakdowns as opportunities to inform further investigations."
302,pagesOfTextToDisplay,0.0001269504427909851,302,"Writing books, blog posts, presenting research in events, talks, or informal conversations can also help bridge gaps."
400,pagesOfTextToDisplay,0.00012629295815713704,400,Future work should strive to understand the barriers to and effective strategies for engaging the range of stakeholders in TS for HCI (See Table 3).
231,pagesOfTextToDisplay,0.00012561309267766774,231,"Again, citation deficit was raised as evidence for a basic-applied research gap (P3, P14)."
383,pagesOfTextToDisplay,0.00012331198377069086,383,Some participants also mentioned working with the media to influence public opinion.
357,pagesOfTextToDisplay,0.00011537366663105786,357,How can we better leverage these platforms for sharing HCI knowledge?
196,pagesOfTextToDisplay,0.00011243342305533588,196,They need to know what the practical outcome of the method for them is.
155,pagesOfTextToDisplay,0.00011230351810809225,155,"TAA Information overload, traditions Dissemination and reuse of HCI research from different traditions."
374,pagesOfTextToDisplay,0.00011143762822030112,374,Policymakers have a need for facts based on the best knowledge currently available [72].
174,pagesOfTextToDisplay,0.00010686575842555612,174,"I have been to CHIplay, but there is a big barrier between industry and academia."
377,pagesOfTextToDisplay,0.00010663182911230251,377,Our participants believe that a stronger link with these associations can help establish interfaces between researchers and practitioners.
75,pagesOfTextToDisplay,0.00010333686077501625,75,"The research-practice gap metaphor is a common concept that has been used in HCI to describe an undesired space that allegedly exists between the research and the practice of the discipline [ 7 , 31 ]."
187,pagesOfTextToDisplay,0.00010117895726580173,187,"P19 told the story of how the idea to create a design method started: ""this industry guy asked for resources, and then I asked myself: what do I give to this guy?"
246,pagesOfTextToDisplay,0.00010089393617818132,246,"For P6, P17, P24, and P33, T BD is where the understanding and access barriers are more salient."
30,pagesOfTextToDisplay,0.00010081921936944127,30,This metaphor implies a separation between two sides or communities: academic researchers and design practitioners.
71,pagesOfTextToDisplay,0.00010065749665955082,71,"On the other end of the translational work is design practice, the process or practice of devising, planning, or constructing something, focusing on the design of effective, user-friendly, interactive computing systems [ 26 , 31 , 70 ]."
390,pagesOfTextToDisplay,0.00010004033538280055,390,If a researcher aims at influencing design practice — to bridge from T BD or T AD — then evaluating knowledge adoption [ 45 ] may be necessary to know whether one has succeeded.
161,pagesOfTextToDisplay,9.919686272041872e-05,161,"As can be seen on Figure 1 and Table 2, the model does not designate where academic or industry researchers reside in the continuum."
280,pagesOfTextToDisplay,9.738321386976168e-05,280,"As seen in the previous paragraph, not only do design practitioners partially appropriate knowledge, so do researchers when attempting to bridge gaps."
375,pagesOfTextToDisplay,9.283050894737244e-05,375,"Lazar [43] even affirms that, for example, for accessibility researchers to have any real impact outside of the research community, they need to understand law and work with policymakers."
128,pagesOfTextToDisplay,9.249173308489844e-05,128,"Participants would mention known research-practice barriers such as accessing and understanding scientific work, as well as how dissimilar incentive structures could be the biggest driver for the gap between HCI researchers and Design practitioners."
262,pagesOfTextToDisplay,9.218902414431795e-05,262,"Interestingly, we heard from all HCI practitioners that instructors with professional experience as designers or engineers effectively made the ""academia-industry linkage"" (P35) in the classroom, bringing knowledge from practice into the education of a new generation of practitioners."
9,pagesOfTextToDisplay,9.145354124484584e-05,9,"To copy otherwise, or republish, to post on servers or to redistribute to lists, requires prior specific permission and/or a fee."
102,pagesOfTextToDisplay,9.125618817051873e-05,102,"T1 research is performed by scientists trained in molecular biology, genetics, and other basic sciences working in laboratories."
173,pagesOfTextToDisplay,8.921101834857836e-05,173,"However, even at these rare occasions, designersdo not get actionable information from researchers (P7, P11, P29, P35). """
101,pagesOfTextToDisplay,8.90126102603972e-05,101,"In their review article of the translational continuum in Biomedicine, Drolet and Lorenzi discuss three ""translational chasms"" (T's or gaps) as the main landmarks in knowledge progression in the continuum:T1 is the use of knowledge about disease mechanisms in the development of diagnosis methods, therapy, and prevention."
395,pagesOfTextToDisplay,8.891817560652271e-05,395,"Research with a focus on professional design practices allows insight into how practitioners refine and concretize abstract knowledge [ 32 , 42 ]."
203,pagesOfTextToDisplay,8.870619058143348e-05,203,"But I want my studies to have an impact in real life."""
29,pagesOfTextToDisplay,8.863242692314088e-05,29,Past research in HCI has approached TS using the researchpractice gap metaphor.
304,pagesOfTextToDisplay,8.838591747917235e-05,304,"Participants saw it as an important pathway to reach and influence scholars, practitioners, and public opinion (P1, P6, P7, P22, P23, P25), supporting Smith et al. ["
345,pagesOfTextToDisplay,8.725372754270211e-05,345,We found that these parties already cooperate and transition across steps and gaps.
245,pagesOfTextToDisplay,8.585149771533906e-05,245,"Basic researchers do not plan studies or write papers with the objective of influencing practice; and P19 mentioned that ""HCI is so important because it sits in between basic research and design practice to do the translation."""
388,pagesOfTextToDisplay,8.383014210266992e-05,388,uncover stakeholder needs that help align user needs with business needs [ 17 ].
115,pagesOfTextToDisplay,8.324471127707511e-05,115,"The diffusion of innovation shows how translators disseminate information, resonating with Gray et al."
42,pagesOfTextToDisplay,8.212159445974976e-05,42,"Through our findings, we contribute descriptions of the translational research practices involving HCI researchers, other scholars, design practitioners, and translators such as industry researchers and science communicators."
99,pagesOfTextToDisplay,8.188123319996521e-05,99,"Using a single gap had become a source of confusion, as different research steps had differing goals, settings, study designs, investigators, and outcomes [74]."
185,pagesOfTextToDisplay,8.165405597537756e-05,185,"They described embedding in organizations as consultants or doing design work along with practitioners, first learning what those practitioners care about before offering recommendations (P8, P19, P20, P21, P30, P32); and creating actionable resources for practitioners to use, such as easy to use research and design methods (P7, P14, P19, P32), or open-source projects."
148,pagesOfTextToDisplay,8.156063995556906e-05,148,"Translations of basic research findings into designs to be tested in Applied research often occurs through a collaboration between basic and applied researchers, as well as HCI practitioners."
84,pagesOfTextToDisplay,8.126354077830911e-05,84,The proposed solutions tackle barriers that HCI researchers and practitioners have identified as reasons for the research-practice gap to exist.
224,pagesOfTextToDisplay,8.012025500647724e-05,224,Most of the knowledge circulation in HCI happens within the confines of the CHI community and other ACM conferences.
256,pagesOfTextToDisplay,8.003577386261895e-05,256,"For P15, ""It is crucial for researchers to really engage with practitioners and know how things are done in industry."
234,pagesOfTextToDisplay,7.637426460860297e-05,234,"While some participants who frequently participate and publish at CHI boasted that it is common to cross-pollinate work with their colleagues' diverse research (P1, P7, P19, P27, P32), others mentioned a critical barrier related to citations, perhaps the main currency in academia."
97,pagesOfTextToDisplay,7.565248961327597e-05,97,"The biomedical and health sciences have begun using a continuum metaphor to describe the progression of research from basic science discovery to proposed human application, to clinical treatment [ 28 ]."
309,pagesOfTextToDisplay,7.47984740883112e-05,309,"For the three science communicators we interviewed (P22, P23, P25) the most significant issue in working with scholars is their difficulty in explaining things simply."
255,pagesOfTextToDisplay,7.47823651181534e-05,255,"They also voiced the impression that most of their colleagues do not do the same because they are either not personallyinterested in design, or for lack of incentive."
25,pagesOfTextToDisplay,7.473116420442238e-05,25,"For example, only 7% of CHI 2011 papers were oriented towards supporting design practice [ 56 ]."
114,pagesOfTextToDisplay,7.383115735137835e-05,114,"On the other hand, health shows many stakeholders working on a continuum of knowledge progressions, supporting Beck and Ekhbia's call [ 7 ]."
80,pagesOfTextToDisplay,7.36177244107239e-05,80,"The trickle-down describes the way adaptation of research and theory takes place in design practice, including the use of methods, tools, or concepts that originate in academia."
171,pagesOfTextToDisplay,7.360783638432622e-05,171,"I've never understood why in academia, they don't set up an incentivization structure for academics to almost like promote their research to industry"" (P35)."
168,pagesOfTextToDisplay,7.331666711252183e-05,168,"P7 and P13, experienced in both academia and industry, said that expecting HCI practitioners to read papers is unrealistic."
298,pagesOfTextToDisplay,7.317159179365262e-05,298,"Tobridge T AD and T BD gaps, generating curated resources is particularly important (P6, P12, P16, P20, P34 P42). """
286,pagesOfTextToDisplay,7.269563502632082e-05,286,"Most participants mentioned that industry researchers, for example, whether trained in applied or basic research, can help translate the terminology of academic contributions (both in T BD and T AD )."
248,pagesOfTextToDisplay,7.264348823809996e-05,248,One approach is to translate basic science into content to be consumed more broadly.
82,pagesOfTextToDisplay,7.243329309858382e-05,82,"Beck posited that the gap metaphor influences how HCI researchers set translational problems to focus on barriers, which has implications for the kinds of solutions they seek [ 7 ]."
74,pagesOfTextToDisplay,7.23536140867509e-05,74,Prior work on HCI translations has primarily described the process using a gap metaphor [ 7 ].
346,pagesOfTextToDisplay,7.20576717867516e-05,346,"Based on our findings and results of previous SIGs [ 36 ], rather than creating a new profession [ 50 ], we believe there is a need to leverage and coordinate the incredibly diverse and capable parties already somehow involved in Translational Science efforts, especially those who can — and want to — do more translational work (while explaining the value of doing so to others who could become translators)."
230,pagesOfTextToDisplay,7.152085163397714e-05,230,"I don't feel like I contribute to basic science "" (P7)."
277,pagesOfTextToDisplay,7.136907515814528e-05,277,The challenge in translating research into products or methods is described by Chilana et al.
160,pagesOfTextToDisplay,7.117105269571766e-05,160,"Table 2 shows descriptions of the abovementioned steps and gaps with their unique knowledge exchanges, translations, and barriers."
394,pagesOfTextToDisplay,7.115765765774995e-05,394,"For example, asking questions such as ""Is this privacy recommendation found in a CHI paper effective, or used/adapted in different ways in practice?"""
278,pagesOfTextToDisplay,7.050854037515819e-05,278,through the creation of a new venture born out of HCI research focusing on adoption [ 17 ] and by the concept of appropriation used by Gray et al. [
181,pagesOfTextToDisplay,6.977382145123556e-05,181,"Research findings are not real world enough to be meaningful and applicable"" (P16)."
359,pagesOfTextToDisplay,6.922887405380607e-05,359,"A key question for education is whether current HCI education is sufficient, or if the community should train new kinds of translators or develop translation resources for existing translators in other fields."
353,pagesOfTextToDisplay,6.92062167217955e-05,353,"As the HCI community grows, it is essential to encourage learning about, engaging with, and citing research across application areas and ways of knowing."
351,pagesOfTextToDisplay,6.909178773639724e-05,351,Our model also highlights an intra-community gap that needs to be considered.
62,pagesOfTextToDisplay,6.805705925216898e-05,62,"3 TRANSLATIONAL SCIENCE IN HCI AND LINKED FIELDS We start by defining terms related to Translational Science (TS) such as research, practice, theory, and the researchpractice gap."
389,pagesOfTextToDisplay,6.727375148329884e-05,389,There is currently little incentive for HCI scholars to invest more time and resources in understanding adoption [ 17 ].
32,pagesOfTextToDisplay,6.695103365927935e-05,32,"For example, HCI scholars often draw on other disciplines to inspire applied research, such as cognitive sciences, psychology, and anthropology theories (e.g., Hutchins's Distributed Cognition [ 34 ] from cognitive science, Leontiev's Activity Theory [ 44 ] from psychology, Suchman's Situated Action [ 67 ] from anthropology)."
344,pagesOfTextToDisplay,6.655661854892969e-05,344,The constellation of parties involved in translating HCI knowledge is broader than just the sub-communities of HCI researchers and design practitioners.
109,pagesOfTextToDisplay,6.646334077231586e-05,109,"The most noticeable differences between health and HCI pertain to institutional and policy constraints that need to be addressed to protect drugs and treatment users [ 48 , 74 ]."
40,pagesOfTextToDisplay,6.610629498027265e-05,40,"If the research-practice gap metaphor is limited, what model might better depict Translational Science in HCI?"
158,pagesOfTextToDisplay,6.593031866941601e-05,158,"Drawing from our interviews, the most prominent gaps in the HCI Translational Science model seem to be between Basic and Applied research (T BA ), between Applied research and Design practice (T AD ), and between Basic research and Design practice (T BD )."
269,pagesOfTextToDisplay,6.578060128958896e-05,269,"The Bubble-up goals that our participants mentioned were: to learn what practitioners care about (P9, P13, P15, P24), to gain insights about design field trends (P13, P29, P31), to improve teaching (P15) and syllabi (P13)."
175,pagesOfTextToDisplay,6.576198211405426e-05,175,"Very little of what I saw there was applicable, and that event is the only direct contact I have with academia."
249,pagesOfTextToDisplay,6.509486411232501e-05,249,"For example, pop psychology books [ 6 , 29 ] are often written by practitioners with scientific training, sharing scientific findings blended with personal industry experience or partnering with scholars."
182,pagesOfTextToDisplay,6.416705582523718e-05,182,"This concern motivated P19, a long-time CHI contributor, to engage with industry partners, tapping into wider populations to generalize her study results, and to learn how to translate her research findings into something ""useful"" for practitioners."
89,pagesOfTextToDisplay,6.302131077973172e-05,89,"Expanding beyond HCI, our literature review shows that ""the gap"" problem is also the dominant narrative in many other fields, such as Psychology, Nursing, Human Resources, Library Sciences, Management, Education, Social Work, and more [ 10 , 15 , 23 , 47 , 52 , 60 , 61 , 63 ]."
38,pagesOfTextToDisplay,6.262902752496302e-05,38,"Area Percentage Design Practice 44% Applied Research 42% Teaching 40% UX Research 26% Basic Research in HCI 21% Entrepreneurship 21% Basic Research* 16% Media Outreach 14% Policymaking 7% Measure Years in HCI Median 13 Max 47 Min 1 type of translational work, and if there are multiple gaps, they are likely more nuanced."
328,pagesOfTextToDisplay,6.221983494469896e-05,328,"First, our model can be used to reposition and study translational barriers more precisely."
373,pagesOfTextToDisplay,6.211684376467019e-05,373,"Translators Evidence Policymakers Mentioned by participants as a growing and effective role for regulating practice (P1, P3, P7, P26)."
139,pagesOfTextToDisplay,6.198442133609205e-05,139,It is achieved by researchers posing formative questions and investigating a topic through the scientific process often in specific scenarios/contexts.
342,pagesOfTextToDisplay,6.187176040839404e-05,342,"Multiple Translations and Translators HCI is uniquely positioned and capable of addressing translational barriers, as it sits at the intersection between social sciences, computer science, and technology [ 14 ]."
332,pagesOfTextToDisplay,6.105713691795245e-05,332,"Also, HCI scholars doing research on Translational Science may describe the aim of their research more clearly with our terms, while helping to refine model constructs."
93,pagesOfTextToDisplay,6.061386375222355e-05,93,"For Rogers, diffusion is the process by which a central source communicates an innovation towards practitioners, among whom the innovation is adopted over time or rejected."
326,pagesOfTextToDisplay,6.0211030358914286e-05,326,"These include repositioning translational barriers into a more specific arrangement, helping to understand where translation occurs or has stalled."
95,pagesOfTextToDisplay,6.0174068494234234e-05,95,"A major criticism of this work is that it represents a one-way model, which is insufficient as knowledge flows through multiple channels in parallel."
78,pagesOfTextToDisplay,6.01017709414009e-05,78,"32 ] have suggested a trickle-down and bubble-up model, emphasizing that the interaction between the research and practice communities is bidirectional."
336,pagesOfTextToDisplay,5.989342025713995e-05,336,"Funding agencies and universities are essential pieces of Translational Science in HCI [ 17 , 38 ], as they help drive and support research with broad social and economic implications [ 21 ]."
379,pagesOfTextToDisplay,5.849782610312104e-05,379,"Business stakeholders Business-related stakeholders, such as marketing, financing, and venture capital."
204,pagesOfTextToDisplay,5.818238787469454e-05,204,"Regarding this challenge, participant P27 posed a question and a proposed path: ""How do we facilitate the interaction of basic and applied researcher in HCI, long term, sustainable?"
334,pagesOfTextToDisplay,5.7879151427187026e-05,334,"The model highlights explicitly that applicability is the most significant barrier for HCI research to influence practice in T AD , so, to facilitate the translation of work stalled at this stage, the HCI community might focus on translations that make it easier for practitioners to apply theory-driven resources."
303,pagesOfTextToDisplay,5.781243453384377e-05,303,"Science communication can be done by writers, researchers themselves, or collaboratively."
406,pagesOfTextToDisplay,5.757634426117875e-05,406,This model offers insights on how to bridge translational gaps and how to work with and train translators effectively.
363,pagesOfTextToDisplay,5.727880488848314e-05,363,"HCI scientific findings are usually shared through papers which introduce and enforce the applicability barrier, as products of the research process are often not ready for immediate use by practitioners [ 8 , 71 ] and rarely consider the practicalities of everyday design practice [ 32 ]."
398,pagesOfTextToDisplay,5.6561792007414624e-05,398,"Schneiderman advocates for building the capacity to collaborate and coordinate with many stakeholders, blending scientists, engineers, designers, and end-users to produce ""higher-impact research converging into a solution"" [ 64 ]."
14,pagesOfTextToDisplay,5.633581167785451e-05,14,"$15.00 https://doi.org/10.1145/3290605.3300231 ACM Reference Format: Lucas Colusso, Ridley Jones, Sean A. Munson, and Gary Hsieh."
316,pagesOfTextToDisplay,5.608129868051037e-05,316,"5 DISCUSSION By triangulating information from multiple stakeholders involved in the TS process in HCI and models from other applied fields, we develop a model for TS in HCI that presents a more nuanced view, with multiple gaps, barriers within each, and corresponding translation efforts."
356,pagesOfTextToDisplay,5.56331651750952e-05,356,"For example, the /r/userexperience reddit community [ 2 ] provides a venue for more than 32,000 UX amateurs and professionals to communicate [ 40 ], and 211,000 users follow the UX Collective Medium publication [ 4 ]."
21,pagesOfTextToDisplay,5.495702862390317e-05,21,"Taking findings from a basic science discovery to real-world impact is a complex process that requires both research (e.g., laboratory and applied research) and non-research activities (e.g., design and engineering) [ 28 ]."
253,pagesOfTextToDisplay,5.4527452448382974e-05,253,"Bubble-up Bubble-up, an important aspect of our model (Figure 2), has been discussed in prior work [ 32 ]."
7,pagesOfTextToDisplay,5.381153096095659e-05,7,Copyrights for components of this work owned by others than the author(s) must be honored.
26,pagesOfTextToDisplay,5.364724711398594e-05,26,"At the same time, there is a growing expectation from industry practitioners, governments, and the general public that scientific knowledge should be useful to society [ 57 , 64 ]."
70,pagesOfTextToDisplay,5.358977796277031e-05,70,"Schneiderman even provides a list of instantiations of knowledge: theories (rules, frameworks, models), descriptions (terminology, taxonomies, ontologies), causal explanations and predictions; and more practical knowledge such as solutions (problem fixes, improved processes) and guidelines (recommendations, patterns, tutorials) [ 59 , 64 ]."
3,pagesOfTextToDisplay,5.3395298891700804e-05,3,The model offers a conceptual framework that can be used by researchers and practitioners to visualize and describe the progression of HCI knowledge through a sequence of translations.
177,pagesOfTextToDisplay,5.288949250825681e-05,177,HCI researchers translating between applied research and design practice described the applicability barrier as the most important to address to successfully influence the work of design practitioners.
149,pagesOfTextToDisplay,5.269402026897296e-05,149,"TBD Understanding, access Translation of basic science into content that can be consumed more broadly."
333,pagesOfTextToDisplay,5.266533844405785e-05,333,"For example, the TS HCI model may be used to describe where research has progressed or stalled (e.g., use of design applications found in HCI research is delayed in T AD )."
260,pagesOfTextToDisplay,5.2593346481444314e-05,260,"However, disseminating carefully vetted case studies in platforms such as Medium has been more common among practitioners."
220,pagesOfTextToDisplay,5.223246625973843e-05,220,"Researchers think that engaging with diverse scholarship transforms them into better scholars (P5, P17, P26, P28)."
94,pagesOfTextToDisplay,5.192623575567268e-05,94,"Rogers's work is particularly influential in its descriptions of the work of translators to disseminate knowledge, and measures of knowledge adoption."
157,pagesOfTextToDisplay,5.1876755605917424e-05,157,"In the HCI TS model, we used the T-terminology to describe different gaps between steps to facilitate more precise discussion about specific gaps (following Drolet and Lorenzi's model [ 28 ])."
300,pagesOfTextToDisplay,5.130956196808256e-05,300,"I'd love to read more academic papers, but everything is due yesterday in industry"" (P12)."
129,pagesOfTextToDisplay,5.130468707648106e-05,129,"Most participants, regardless of role, agreed that those in the HCI field share the goal of improving products and services for people, even if not directly."
364,pagesOfTextToDisplay,4.9524984206072986e-05,364,"The literature describes many different tools that can help communicate research findings, such as training modules, workshops, technical support, and guides [ 30 , 68 ]."
206,pagesOfTextToDisplay,4.891687785857357e-05,206,"We need to do more work on understanding how this happens naturally, which might help us foster how to facilitate this interaction."""
238,pagesOfTextToDisplay,4.8914109356701374e-05,238,"You may not like my work, but it should be cited."
308,pagesOfTextToDisplay,4.846266165259294e-05,308,"As in previous studies, HCI practitioners reported difficulty reading research papers (P12, P20, P21, P35, P37, P38)."
162,pagesOfTextToDisplay,4.8082609282573685e-05,162,"Basic and Applied research can occur both in academic or industry settings, and the same is true for the design of interactive systems (e.g., university startup incubators)."
72,pagesOfTextToDisplay,4.784673728863709e-05,72,"The goal of the TS problem in HCI is thus to facilitate the adoption, implementation, and institutionalization of theoretical findings into design practice (much like what is described in [57])."
209,pagesOfTextToDisplay,4.714743045042269e-05,209,Basic researchers may work with HCI researchers or practitioners to create designs that can be used in detailed investigations.
69,pagesOfTextToDisplay,4.702896694652736e-05,69,"In this paper, we use Yvonne Rogers's and Ben Schneiderman's definitions of theory: knowledge enabling understandings and generalizations about specific phenomena."
325,pagesOfTextToDisplay,4.687335604103282e-05,325,"Woolf describes several benefits of a TS model that distinguishes different steps, translations, and disseminations [ 74 ]."
164,pagesOfTextToDisplay,4.664928201236762e-05,164,T AD — Applied Research to Design Practice The gap between Applied research and Design practice is what people most often refer to as the research-practice gap.
276,pagesOfTextToDisplay,4.66081801278051e-05,276,"P19 in turn mentioned the need to make a design method compatible with industry practices, which required drastic adaptations."
198,pagesOfTextToDisplay,4.5978493290022016e-05,198,"T BA — Basic to Applied Research Participants, specifically researchers, pointed that apart from T AD , there is also an important gap in the knowledge progression from basic to applied research, with its unique barriers."
110,pagesOfTextToDisplay,4.548803190118633e-05,110,"Additionally, the continuum model shows the work of many parties to progress knowledge through successive steps, rather than focusing on the work of researchers and clinicians; such as basic scientists, applied researchers, marketers, designers, clinical practitioners, physicians, social workers, public health researchers, policymakers [28, 68, 74]."
108,pagesOfTextToDisplay,4.496366818784736e-05,108,"After T3 is bridged, public health impact is studied via practice-based research, and feedback for continual improvement follows (e.g., why are clinicians not administering aspirin?)."
307,pagesOfTextToDisplay,4.428489410202019e-05,307,"In translational science communication, a major barrier is balancing scientific precision with writing content that appeals to specific audiences."
250,pagesOfTextToDisplay,4.404982246342115e-05,250,"None of our participants had written or helped to write such kind of books; instead they accomplished other types of outreach such as participating in radio talks and contributing to news articles about science (P6, P17, P24)."
322,pagesOfTextToDisplay,4.374739728518762e-05,322,"We then consider how to coordinate translational efforts to move scientific HCI research into the hands and minds of practitioners, and the importance of engaging — and studying how to engage — with other translators in Translational Science."
88,pagesOfTextToDisplay,4.304905087337829e-05,88,"However, how one can think of the HCI TS problem as a continuum is unclear."
100,pagesOfTextToDisplay,4.203833668725565e-05,100,This confusion has hindered the proper identification of translational barriers and prevented proper resource allocation by funding agencies [74].
337,pagesOfTextToDisplay,4.1758041334105656e-05,337,"Our model can help organizations more precisely target steps and barriers where vital advances are stalled, and catalyze work that can facilitatetranslation."
313,pagesOfTextToDisplay,4.0880284359445795e-05,313,"So even if the desire is there, the ability sometimes can be difficult."
381,pagesOfTextToDisplay,4.084139800397679e-05,381,"Society, end-users Some HCI researchers said that they are not interested in influencing design practice, but in working directly with the populations that can benefit from their work (P5, P8)."
243,pagesOfTextToDisplay,4.0419239667244256e-05,243,"As in T BA , participants did not mention efforts to promote more and more relevant citation exchanges across HCI conferences tracks."
107,pagesOfTextToDisplay,4.0202019590651616e-05,107,"For example, if an effective clinical application is found (e.g., aspirin effectively decreases thrombosis in individual patients), then it must be marketed and explained to clinical practitioners, who may sometimes be trained in the proper ways to administer a drug before public health gains can be achieved."
65,pagesOfTextToDisplay,3.9987717173062265e-05,65,"Human-Computer Interaction (HCI) is ""a discipline concerned with the design, evaluation, and implementation of interactive computing systems for human use and with the study of the major phenomenon surrounding them"" [ 69 ]."
263,pagesOfTextToDisplay,3.9260768971871585e-05,263,"This view was consistent among HCI professors who had industry experience (P10, P11, P13, P15, P34, P35, P38)."
274,pagesOfTextToDisplay,3.793095675064251e-05,274,"Both in T BA and in T AD , knowledge can get lost in translation because of the synthetic nature of design, which is reflected in the accounts of basic and applied researchers who have engaged in translations (P8, P19, P24)."
191,pagesOfTextToDisplay,3.68482869816944e-05,191,"Compatibility with existing workflows and demonstrated utility affect adoption of assets and methods by practice, supporting [ 57 ]."
172,pagesOfTextToDisplay,3.665425174403936e-05,172,"When researchers and designers meet and talk in person, the terminology issue is lessened as they can speak directly to each other and ask for clarification (P11, P13, P14, P30, P39, P40)."
117,pagesOfTextToDisplay,3.653627936728299e-05,117,"Therefore, how could we rethink the research-practice gap metaphor to represent HCI's unique process of knowledge progression, incorporating learnings from other fields and past work related to Translational Science?"
327,pagesOfTextToDisplay,3.6145687772659585e-05,327,"Second, models of TS can support discussions about allocation of resources that facilitate Translational Science."
380,pagesOfTextToDisplay,3.604244557209313e-05,380,"There is an understudied pathway in turning academic research into commercial products and services, a path documented in [17] and mentioned by a few participants in our study (P1, P3, P7, P8, P13, P15, P17)."
92,pagesOfTextToDisplay,3.582215867936611e-05,92,"In these fields, the work of Everett Rogers on diffusion of innovations [ 57 ] has been very influential."
386,pagesOfTextToDisplay,3.554248542059213e-05,386,"Funding agencies as described in the discussion session, top-down stimuli can promote structural change and reorganize infrastructures to facilitate Translational Science."
207,pagesOfTextToDisplay,3.536050644470379e-05,207,"P28, also present in the group interview, agreed, saying that he worked in projects with collaborators from other fields in successful programs dedicated to foster basic and applied research exchange, funded by a Translational Medicine association."
241,pagesOfTextToDisplay,3.4281307307537645e-05,241,"First, participants mentioned that it is difficult to keep up with all publications within an area of studies or across them (P1, P9, P15, P17, P32, P43), which is curious as most of the knowledge circulation happens within a few, well-known venues."
290,pagesOfTextToDisplay,3.2860447390703484e-05,290,"In these two latter cases, industry researchers benefit from their academic experience in reading and conducting scientific studies to quickly evaluate and identify takeaways in existing bodies of knowledge, contextualizing that knowledge to the problems that their companies face for the design of products or services (P12, P16, P17, P40, P42)."
140,pagesOfTextToDisplay,3.2487965654581785e-05,140,"Participants mentioned 3 main types of basic research relative to HCI: A) Research from other fields such as anthropology and psychology that is drawn upon to conduct Applied research; B) Ethnographies conducted within the context of how people use or are impacted by technologies, and C) HCI research probing the technological boundaries, demonstrating new potential interaction capabilities and new experiences made possible by technological advances."
324,pagesOfTextToDisplay,3.239082798245363e-05,324,There are gaps in this progression and using models can make translational research more likely to succeed [ 68 ].
63,pagesOfTextToDisplay,3.191114228684455e-05,63,"First, TS studies the transformation of knowledge through successive fields of research from a basic science discovery to real-world impact, a complex process that requires both theory-producing steps (basic and applied) and non-research steps (dissemination, implementation, design)."
261,pagesOfTextToDisplay,3.160687265335582e-05,261,"Although our participants did not have experience with such forms of communication, they mentioned an interest in doing so for personal branding (P29, P39, P41, P42)."
127,pagesOfTextToDisplay,3.129690594505519e-05,127,"Initially, participants defined TS in HCI as a ""BIG gap"" or a ""barrier"" between researchers and designers (P3, P11, P17, P22, P23, P26, P35, P39)."
179,pagesOfTextToDisplay,3.125124203506857e-05,179,"Many HCI researchers recognized that the long and difficult applied research process does not result in actionable resources that can be offered to design practice, which, in their view, is a big problem for HCI (P4, P7, P14, P19, P27, P34)."
354,pagesOfTextToDisplay,3.0971285013947636e-05,354,"In T BD and T AD , translators such as science communicators and industry researchers help share curated academic knowledge with design practitioners (similar to what Everett Rogers described as change agents [ 57 ].)"
210,pagesOfTextToDisplay,3.075518907280639e-05,210,"However, finding these collaborations and establishing common-ground can be challenging and costly (P7, P19, P24, P27, P28)."
76,pagesOfTextToDisplay,3.052421743632294e-05,76,"Much work describes multiple translational barriers that explain why a single gap exists, and the ""gap"" problematization inspired many studies proposing ways to bridge it [19, 22, 31, 37, 50, 64]."
259,pagesOfTextToDisplay,3.042280877707526e-05,259,"UX researchers and designers are most often not incentivized to broadcast findings because of intellectual property restrictions (P12, P35)."
251,pagesOfTextToDisplay,2.9863846066291444e-05,251,"Second, translating content and disseminating it for a targeted group of practitioners, in events (P24, P43), and in discussions with practitioners that are actively searching for new knowledge to inform product development (P4, P8, P17, P30, P33)."
242,pagesOfTextToDisplay,2.861419488908723e-05,242,"Regarding academic traditions, some researchers said that authors can devalue ethnographies or systems development if they do not engage with —or understand— it, which can cause those researchers to not learn from or cite that work (P4, P5, P19, P27)."
201,pagesOfTextToDisplay,2.663924897206016e-05,201,"Participants noted that translating theory from the social sciences, ethnography, or philosophy into tools for conducting applied research is complicated and often depends on partnerships as they lack the "" skillset "" (P27, P28, P33, P43)."
219,pagesOfTextToDisplay,2.551785291871056e-05,219,"Second, as the first point already suggests, participants valued drawing on other domains of knowledge to create work that is "" new "" and "" fresh "" (P30, P26)."
